PO Number,Release Number,PO Date,Dept #,Retailers PO,Requested Delivery Date,Delivery Dates,Ship Dates,Cancel Date,Carrier,Carrier Details,Ship To Location,PO Line #,Qty Ordered,Unit of Measure,Unit Price,Buyers Catalog or Stock Keeping #,UPC/EAN,Vendor Style,Retail Price,Product/Item Description,Color,Size,Pack Size,Pack Size UOM,Number of Inner Packs,Number of Pcs per Inner Pack,Store #,Qty per Store #,Record Type,PO purpose,PO Type,Contract Number,Currency,Ship Status,Letter of Credit,Vendor #,Division #,Cust Acct #,Customer Order #,Promo #,Ticket Description,Other Info / #s,Frt Terms,Carrier Service Level,Payment Terms %,Payment Terms Disc Due Date,Payment Terms Disc Days Due,Payment Terms Net Due Date,Payment Terms Net Days,Payment Terms Disc Amt,Payment Terms Desc,Contact Phone,Contact Fax,Contact Email,Allow/Charge Type,Allow/Charge Service,Allow/Charge Amt,Allow/Charge %,Allow/Charge Rate,Allow/Charge Qty,Allow/Charge Desc,Ship To Name,Ship To Address 1,Ship To Address 2,Ship To City,Ship To State,Ship to Zip,Ship To Country,Ship To Contact,Bill To Name,Bill To Address 1,Bill To Address 2,Bill To City,Bill To State,Bill To Zip,Bill To Country,Bill To Contact,Buying Party Name,Buying Party Location,Buying Party Address 1,Buying Party Address 2,Buying Party City,Buying Party State,Buying Party Zip,Buying Party Country,Buying Party Contact,Ultimate Location,Notes/Comments,Ship To Additional Name,Ship To Additional Name 2,Bill To Additional Name,Bill To Additional Name 2,Buyer Additional Name,Buyer Additional Name 2,GTIN,PO Total Amount,PO Total Weight ,PO Total UOM ,Shipping account number,Mark for Name,Mark for Address 1,Mark for Address 2,Mark for City,Mark for State,Mark for Postal,Mark for Country,Shipping Container Code,National Drug Code,Expiration Date,Dist,Scheduled Quantity,Scheduled Qty UOM,Required By Date,Must Arrive By,Entire Shipment,Agreement Number,Additional Vendor Part #,Buyer Part Number,Carrier Details Special Handling,Restrictions/Conditions,Must Route By Date,Vendor Location #,Product Availability Date,EDITxnType,EDIPartnerCode,FactoryName,FactoryCode,FactoryCity,FactoryCountry,Start X-Factory,Last X-Factory,Hangtag,Color Code,Size Code,E-Commerce Indicator,
3123465,,06/18/2025,KARI BROOKS,3123465,,,06/25/2025,,,,0569813430019,,,,,,,,,,,,,,,,,,H,Original,Stand-alone Order,,,,,87209552,,,,, ,,     ,  ,0.01,,15,,30,,1% 15 NET 30,,,,,,,,,,,KEHE DISTRIBUTORS,4450 LOGISTICS DRIVE,,DALLAS,TX,75241,,,KeHE Distributors LLC,4055 Deerpark Blvd,,Elkton,FL,32033,,,,,,,,,,,,,,,,,,,,,6935.34,2317.5,Pound,,,,,,,,,,,,,,,,,,,,,,,,,,850,,,,,,,,,,,,
3123465,,,,,,,,,,,,,,,,,,,,,,,,,,,,,C,,,,,,,,,,,,,,,,,,,,,,,,,,Allowance,Cooperative Advertising/Merchandising Allowance (Performance),141.54,2.0,,,CONNECT BI ALLOWANCE,,,,,,,,,,,,,,,,,,,,,,,,,,,
3123465,,,,,,,,,,,,,,,,,,,,,,,,,,,,,O,,,,,,,,,,,,,,,,,,,,,,,,,,,,,,,,,,,,,,,,,,,,,,,,,,,,,,,,,,,Acceptance of KeHE's Purchase Order is limited to the terms contained in thisPurchase Order KeHE's Vendor Policies & Procedures and any executed amendmentsor addendums thereto and any updates by KeHE on the KeHE Vendor Portal.Terms on Supplier's form or order acknowledgement are hereby expressly objectedto and rejected and shall be deemed null and void unless expressly agreed toin writing by authorized representatives of KeHE and Supplier.Performance by Supplier shall constitute acceptance of KeHE's Purchase OrderKeHE's Vendor Policies & Procedures and any executed amendments or addendumsthereto and any updates by KeHE on the KeHE Vendor Portal.,,,,,,,,,,
3123465,,,,,,,,,,,,1,24.0,Case,13.5,00334790,728119098632,17-041-7,,BRUSCHETTA SNDRIED TOMATO,,,,,6,,,,D,,,,,,,,,,,,,,,,,,,,,,,,,,,,,,,,,,,,,,,,,,,,,,,,,,,,,,,,,,,,,,,,,,10728119098639,,,,,,,,,,,,,,,,,,,,,,,,,,,,,,,,,,,,,,,,
3123465,,,,,,,,,,,,,,,,,,,,,,,,,,,,,I,,,,,,,,,,,,,,,,,,,,,,,,,,Allowance,Discount,33.12,,1.38,,RATE BASED DISCOUNT,,,,,,,,,,,,,,,,,,,,,,,,,,,
3123465,,,,,,,,,,,,2,60.0,Case,12.6,00308376,728119472005,8-400-1,,FARRO MEAL GRLD VEG  HERB,,,,,6,,,,D,,,,,,,,,,,,,,,,,,,,,,,,,,,,,,,,,,,,,,,,,,,,,,,,,,,,,,,,,,,,,,,,,,10728119472002,,,,,,,,,,,,,,,,,,,,,,,,,,,,,,,,,,,,,,,,
3123465,,,,,,,,,,,,,,,,,,,,,,,,,,,,,I,,,,,,,,,,,,,,,,,,,,,,,,,,Allowance,Discount,75.6,10.0,,,PERCENTAGE BASED DISCOUNT,,,,,,,,,,,,,,,,,,,,,,,,,,,
3123465,,,,,,,,,,,,3,60.0,Case,12.6,00308378,728119472029,8-400-2,,FARRO ML ARTKE LMN RST GC,,,,,6,,,,D,,,,,,,,,,,,,,,,,,,,,,,,,,,,,,,,,,,,,,,,,,,,,,,,,,,,,,,,,,,,,,,,,,10728119472026,,,,,,,,,,,,,,,,,,,,,,,,,,,,,,,,,,,,,,,,
3123465,,,,,,,,,,,,,,,,,,,,,,,,,,,,,I,,,,,,,,,,,,,,,,,,,,,,,,,,Allowance,Discount,75.6,10.0,,,PERCENTAGE BASED DISCOUNT,,,,,,,,,,,,,,,,,,,,,,,,,,,
3123465,,,,,,,,,,,,4,49.0,Case,14.4,02207887,728119516310,8-501,,MEAL JACKFRT SWT BBQ PRK,,,,,6,,,,D,,,,,,,,,,,,,,,,,,,,,,,,,,,,,,,,,,,,,,,,,,,,,,,,,,,,,,,,,,,,,,,,,,10728119516317,,,,,,,,,,,,,,,,,,,,,,,,,,,,,,,,,,,,,,,,
3123465,,,,,,,,,,,,5,60.0,Case,14.4,02302575,728119515917,17-202,,MEAL PASTA PRIMAVERA HOP,,,,,6,,,,D,,,,,,,,,,,,,,,,,,,,,,,,,,,,,,,,,,,,,,,,,,,,,,,,,,,,,,,,,,,,,,,,,,10728119515914,,,,,,,,,,,,,,,,,,,,,,,,,,,,,,,,,,,,,,,,
3123465,,,,,,,,,,,,,,,,,,,,,,,,,,,,,I,,,,,,,,,,,,,,,,,,,,,,,,,,Allowance,Discount,86.4,10.0,,,PERCENTAGE BASED DISCOUNT,,,,,,,,,,,,,,,,,,,,,,,,,,,
3123465,,,,,,,,,,,,6,80.0,Case,12.0,00380894,728119515368,8-907,,RICE CAULIFLOWER RTH,,,,,6,,,,D,,,,,,,,,,,,,,,,,,,,,,,,,,,,,,,,,,,,,,,,,,,,,,,,,,,,,,,,,,,,,,,,,,10728119515365,,,,,,,,,,,,,,,,,,,,,,,,,,,,,,,,,,,,,,,,
3123465,,,,,,,,,,,,,,,,,,,,,,,,,,,,,I,,,,,,,,,,,,,,,,,,,,,,,,,,Allowance,Discount,96.0,10.0,,,PERCENTAGE BASED DISCOUNT,,,,,,,,,,,,,,,,,,,,,,,,,,,
3123465,,,,,,,,,,,,7,60.0,Case,14.4,02302579,728119515924,17-203,,RICE VEGGIE HOP STIR FRY,,,,,6,,,,D,,,,,,,,,,,,,,,,,,,,,,,,,,,,,,,,,,,,,,,,,,,,,,,,,,,,,,,,,,,,,,,,,,10728119515921,,,,,,,,,,,,,,,,,,,,,,,,,,,,,,,,,,,,,,,,
3123465,,,,,,,,,,,,,,,,,,,,,,,,,,,,,I,,,,,,,,,,,,,,,,,,,,,,,,,,Allowance,Discount,86.4,10.0,,,PERCENTAGE BASED DISCOUNT,,,,,,,,,,,,,,,,,,,,,,,,,,,
3123465,,,,,,,,,,,,8,213.0,Case,12.0,02411605,728119515931,17-204,,RICED BROCCOLI RTH,,,,,6,,,,D,,,,,,,,,,,,,,,,,,,,,,,,,,,,,,,,,,,,,,,,,,,,,,,,,,,,,,,,,,,,,,,,,,10728119515938,,,,,,,,,,,,,,,,,,,,,,,,,,,,,,,,,,,,,,,,
3123465,,,,,,,,,,,,,,,,,,,,,,,,,,,,,I,,,,,,,,,,,,,,,,,,,,,,,,,,Allowance,Discount,255.6,10.0,,,PERCENTAGE BASED DISCOUNT,,,,,,,,,,,,,,,,,,,,,,,,,,,
