StoreNo,UNFI Customer Name,Xoro Customer Name,CustomerId,AccountNumber,CompanyName,ShipToCompanyName
10001,UNFI East Store 001,Xoro Customer East 001,CUST001,ACC001,Company East 001,Ship To East 001
10002,UNFI East Store 002,Xoro Customer East 002,CUST002,ACC002,Company East 002,Ship To East 002
10003,UNFI East Store 003,Xoro Customer East 003,CUST003,ACC003,Company East 003,Ship To East 003
10004,UNFI East Store 004,Xoro Customer East 004,CUST004,ACC004,Company East 004,Ship To East 004
10005,UNFI East Store 005,Xoro Customer East 005,CUST005,ACC005,Company East 005,Ship To East 005
