﻿ImportError,ThirdPartyRefNo,ThirdPartySource,ThirdPartyIconUrl,ThirdPartyDisplayName,**SaleStoreName,StoreName,**CurrencyCode,**CustomerName,CustomerFirstName,CustomerLastName,CustomerMainPhone,CustomerEmailMain,CustomerPO,CustomerId,CustomerAccountNumber,**OrderDate,**DateToBeShipped,LastDateToBeShipped,DateToBeCancelled,OrderClassCode,OrderClassName,OrderTypeCode,OrderTypeName,**ExchangeRate,Memo,PaymentTermsName,PaymentTermsType,DepositRequiredTypeName,DepositRequiredAmount,RefNo,Tags,SalesRepId,SalesRepName,ShipMethodName,CarrierName,CarrierCode,ShipServiceName,ShipServiceCode,FobName,IsOrderTaxExempt,ShippingTaxItemCode1,ShippingTaxItemValue1,ShippingTaxItemCode2,ShippingTaxItemValue2,ShippingTaxItemCode3,ShippingTaxItemValue3,ShippingTaxItemCode4,ShippingTaxItemValue4,ShippingTermsName,ShippingAccountNumber,ShippingCost,ShippingNotes,ShipToFirstName,ShipToLastName,ShipToName,ShipToCompanyName,ShipToAddr,ShipToAddr2,ShipToCity,ShipToCountry,ShipToCountryISO2,ShipToState,ShipToStateAbbr,ShipToZpCode,ShipToPhoneNumber,ShipToEmail,ShipToAddrName,BuyerName,BillToFirstName,BillToLastName,BillToName,BillToAddr,BillToAddr2,BillToCity,BillToCountry,BillToCountryISO2,BillToState,BillToStateAbbr,BillToZpCode,BillToCompanyName,BillToPhoneNumber,BillToEmail,BillToAddrName,CustomerGroupName,**ItemNumber,ItemUpc,ItemBrand,Description,**UnitPrice,**Qty,QtyAllocated,Discount,DiscountTypeName,SellUomName,ItemNotes,TaxItemCode1,TaxItemValue1,TaxItemCode2,TaxItemValue2,TaxItemCode3,TaxItemValue3,TaxItemCode4,TaxItemValue4,DepositAmount,DepositPercentage,DepositAccountName,LiabilityAccountName,PaymentMethodName,AutoDepositTotalAmount,CustomerServiceRepId,ItemCategoryName,ItemGroupName,ItemShippingCost,ItemShippingTaxItemCode1,ItemShippingTaxItemValue1,ItemShippingTaxItemCode2,ItemShippingTaxItemValue2,ItemShippingTaxItemCode3,ItemShippingTaxItemValue3,ItemShippingTaxItemCode4,ItemShippingTaxItemValue4,ThirdPartyTotalAmount,ShipFromAddrName,ShipFromFirstName,ShipFromLastName,ShipFromName,ShipFromAddr,ShipFromAddr2,ShipFromCity,ShipFromState,ShipFromStateAbbr,ShipFromZpCode,ShipFromCountry,ShipFromCountryISO2,ShipFromPhoneNumber,ShipFromEmail,BaseUomCode,SellUomCode,VASItemName,VASItemCost,ReCalcTaxesFlag,ReCalcShippingTaxesFlag,CustomerItemNumber,IsEdiFlag,IsEdiConfirmationSentFlag,OrderLineClassName,OrderLineClassCode,DefaultLocationName,QtyRemainingToShip,AutoReleaseSalesOrder,AutoWaveSalesOrder,WaveAllocationCode,AutoLockWave,LineNumber,CustomerParentName,EdiStatusId,IsEdiAckRequiredFlag,ItemIdentifierCode,ItemUnitCost,TotalTaxAmount,ReCalcPricing,LineStatus,ShipStatus,OrderThirdPartyRefNumber,ThirdPartyRefName,AutoApplyVASRule,VoidAndCreate,KeepOriginalOrderNumber,ProductCategoryName,AccountCode3PL,ItemQualityCode,IsVASRequired,VASInstruction,AlternativeItemNumber1,AlternativeItemNumber2,AlternativeItemNumber3,LastShipDate,QtyShipped,QtyOrdered,CancelQty,LastWaveAttemptDttm,PickedDttm,PackedDttm,ReadyToShipDttm,MinimumATSPercent,FillRate,FillRateFailedFlag,RequirePackAndHold,EIN,DutyPaymentTerms,CustomComment,ResidentialFlag,PriorityCode,PtoId,LastWaveNumber,LastWaveDatetime,PromiseDate,Season,TotalPrice
,151428759,,,,KL - Richmond,KL - Richmond,USD,WHOLE FOODS #10234 NOVATO,,,,,151428759,,,2025-04-24,2025-04-25,,,,,,,0,,,,,,151428759,,,,,,,,,,,,,,,,,,,,,,,,,,,,,,,,,,,,,,,,,,,,,,,,,,,,,,,13-025-2,,,PRESERVE STRAWBERRY,27.24,3,,,,,,,,,,,,,,,,,,,,,,,,,,,,,,,,,,,,,,,,,,,,,,,,,,,,,,,,,,,,,,,,,,,,,,,,,,,,,,,,,,,,,,,,,,,,,,,,,,,,,,,,,,,,,
,151428759,,,,KL - Richmond,KL - Richmond,USD,WHOLE FOODS #10234 NOVATO,,,,,151428759,,,2025-04-24,2025-04-25,,,,,,,0,,,,,,151428759,,,,,,,,,,,,,,,,,,,,,,,,,,,,,,,,,,,,,,,,,,,,,,,,,,,,,,,13-025-3,,,PRESERVE APRICOT,27.24,2,,,,,,,,,,,,,,,,,,,,,,,,,,,,,,,,,,,,,,,,,,,,,,,,,,,,,,,,,,,,,,,,,,,,,,,,,,,,,,,,,,,,,,,,,,,,,,,,,,,,,,,,,,,,,
,151428759,,,,KL - Richmond,KL - Richmond,USD,WHOLE FOODS #10234 NOVATO,,,,,151428759,,,2025-04-24,2025-04-25,,,,,,,0,,,,,,151428759,,,,,,,,,,,,,,,,,,,,,,,,,,,,,,,,,,,,,,,,,,,,,,,,,,,,,,,13-025-1,,,PRESERVE CHERRY,27.24,1,,,,,,,,,,,,,,,,,,,,,,,,,,,,,,,,,,,,,,,,,,,,,,,,,,,,,,,,,,,,,,,,,,,,,,,,,,,,,,,,,,,,,,,,,,,,,,,,,,,,,,,,,,,,,
,151428759,,,,KL - Richmond,KL - Richmond,USD,WHOLE FOODS #10234 NOVATO,,,,,151428759,,,2025-04-24,2025-04-25,,,,,,,0,,,,,,151428759,,,,,,,,,,,,,,,,,,,,,,,,,,,,,,,,,,,,,,,,,,,,,,,,,,,,,,,13-025-6,,,PRESERVE RASPBERRY,27.24,2,,,,,,,,,,,,,,,,,,,,,,,,,,,,,,,,,,,,,,,,,,,,,,,,,,,,,,,,,,,,,,,,,,,,,,,,,,,,,,,,,,,,,,,,,,,,,,,,,,,,,,,,,,,,,
,151428759,,,,KL - Richmond,KL - Richmond,USD,WHOLE FOODS #10234 NOVATO,,,,,151428759,,,2025-04-24,2025-04-25,,,,,,,0,,,,,,151428759,,,,,,,,,,,,,,,,,,,,,,,,,,,,,,,,,,,,,,,,,,,,,,,,,,,,,,,13-025-15,,,PRESERVES MIXED BERRIES,27.24,1,,,,,,,,,,,,,,,,,,,,,,,,,,,,,,,,,,,,,,,,,,,,,,,,,,,,,,,,,,,,,,,,,,,,,,,,,,,,,,,,,,,,,,,,,,,,,,,,,,,,,,,,,,,,,
,151428759,,,,KL - Richmond,KL - Richmond,USD,WHOLE FOODS #10234 NOVATO,,,,,151428759,,,2025-04-24,2025-04-25,,,,,,,0,,,,,,151428759,,,,,,,,,,,,,,,,,,,,,,,,,,,,,,,,,,,,,,,,,,,,,,,,,,,,,,,13-025-8,,,PRESERVE FOUR FRUIT,27.24,1,,,,,,,,,,,,,,,,,,,,,,,,,,,,,,,,,,,,,,,,,,,,,,,,,,,,,,,,,,,,,,,,,,,,,,,,,,,,,,,,,,,,,,,,,,,,,,,,,,,,,,,,,,,,,
,151428759,,,,KL - Richmond,KL - Richmond,USD,WHOLE FOODS #10234 NOVATO,,,,,151428759,,,2025-04-24,2025-04-25,,,,,,,0,,,,,,151428759,,,,,,,,,,,,,,,,,,,,,,,,,,,,,,,,,,,,,,,,,,,,,,,,,,,,,,,13-025-7,,,PRESERVES WILD BLUEBERRY,27.24,1,,,,,,,,,,,,,,,,,,,,,,,,,,,,,,,,,,,,,,,,,,,,,,,,,,,,,,,,,,,,,,,,,,,,,,,,,,,,,,,,,,,,,,,,,,,,,,,,,,,,,,,,,,,,,
,151428759,,,,KL - Richmond,KL - Richmond,USD,WHOLE FOODS #10234 NOVATO,,,,,151428759,,,2025-04-24,2025-04-25,,,,,,,0,,,,,,151428759,,,,,,,,,,,,,,,,,,,,,,,,,,,,,,,,,,,,,,,,,,,,,,,,,,,,,,,13-025-9,,,PRESERVES BLACKBERRY,27.24,1,,,,,,,,,,,,,,,,,,,,,,,,,,,,,,,,,,,,,,,,,,,,,,,,,,,,,,,,,,,,,,,,,,,,,,,,,,,,,,,,,,,,,,,,,,,,,,,,,,,,,,,,,,,,,
,151428759,,,,KL - Richmond,KL - Richmond,USD,WHOLE FOODS #10234 NOVATO,,,,,151428759,,,2025-04-24,2025-04-25,,,,,,,0,,,,,,151428759,,,,,,,,,,,,,,,,,,,,,,,,,,,,,,,,,,,,,,,,,,,,,,,,,,,,,,,13-025-126,,,PRESERVES STRAWBERRY VALUE SIZE,47.10,1,,,,,,,,,,,,,,,,,,,,,,,,,,,,,,,,,,,,,,,,,,,,,,,,,,,,,,,,,,,,,,,,,,,,,,,,,,,,,,,,,,,,,,,,,,,,,,,,,,,,,,,,,,,,,
,151428759,,,,KL - Richmond,KL - Richmond,USD,WHOLE FOODS #10234 NOVATO,,,,,151428759,,,2025-04-24,2025-04-25,,,,,,,0,,,,,,151428759,,,,,,,,,,,,,,,,,,,,,,,,,,,,,,,,,,,,,,,,,,,,,,,,,,,,,,,13-025-14,,,PRESERVES FIG,27.24,1,,,,,,,,,,,,,,,,,,,,,,,,,,,,,,,,,,,,,,,,,,,,,,,,,,,,,,,,,,,,,,,,,,,,,,,,,,,,,,,,,,,,,,,,,,,,,,,,,,,,,,,,,,,,,
